{
    "performance": {
        "mean_reward": 9.533000000000001,
        "success_rate": 0.01,
        "avg_episode_length": 49.53,
        "std_reward": 34.427431083367225
    },
    "communication": {
        "mean_comm_A": 0.728441323556006,
        "mean_comm_B": 0.47422261014580724,
        "var_comm_A": 0.022559947679370793,
        "var_comm_B": 0.021843823265121468,
        "correlation": 0.6836337785893404
    },
    "generalization": {
        "mean_reward_generalization": 5.710000000000002,
        "success_rate_generalization": 0.0
    }
}